{"ppo_89ea1cf4c0": {"weights": [0.0055770719383153484, -0.018999569791093324, -0.00899882726523523, -0.01107157047404709, 0.009458848566560495, 0.007067979496916451, 0.015687182708193814, -0.016522446694823355, -0.003123127212589182, -0.018808111222477185, -0.011254481007855865, 0.0002142115241344951, -0.018938561212645456, -0.01204649397253406, 0.005995377511180927, 0.001797659224128667, -0.011182375118372133, 0.0035706273550363474], "noise_low": 0.8, "noise_high": 1.2}, "ppo_8975a8d306": {"weights": [0.0055770719383153484, -0.018999569791093324, -0.00899882726523523, -0.01107157047404709, 0.009458848566560495, 0.007067979496916451, 0.015687182708193814, -0.016522446694823355, -0.003123127212589182, -0.018808111222477185, -0.011254481007855865, 0.0002142115241344951, -0.018938561212645456, -0.01204649397253406, 0.005995377511180927, 0.001797659224128667, -0.011182375118372133, 0.0035706273550363474], "noise_low": 0.8, "noise_high": 1.2}, "ppo_9e0e9cfd7b": {"weights": [0.0055770719383153484, -0.018999569791093678, -0.008998827265235598, -0.01107157047404748, 0.009458848566560495, 0.007067979496916036, 0.015687182708193893, -0.016522446694823355, 0.005405988763422861, -0.014441891403753489, 0.015316878349182243, 0.08812098412481685, 0.06908847421063102, -0.1000735293958106, 0.005189220471878648, 0.03876017995700567, -0.004468767688361094, 0.08010971759039148], "noise_low": 0.8, "noise_high": 1.2}, "ppo_893ede8d6b": {"weights": [0.0055770719383153484, -0.018999569791093678, -0.008998827265235598, -0.01107157047404748, 0.009458848566560495, 0.007067979496916036, 0.015687182708193893, -0.016522446694823355, 0.005405988763422861, -0.014441891403753489, 0.015316878349182243, 0.08812098412481685, 0.06908847421063102, -0.1000735293958106, 0.005189220471878648, 0.03876017995700567, -0.004468767688361094, 0.08010971759039148], "noise_low": 0.8, "noise_high": 1.2}, "ppo_3b9810e736": {"weights": [0.0055770719383153484, -0.018999569791093324, -0.00899882726523523, -0.01107157047404709, 0.009458848566560495, 0.007067979496916451, 0.015687182708193814, -0.016522446694823355, -0.003123127212589182, -0.018808111222477185, -0.011254481007855865, 0.0002142115241344951, -0.018938561212645456, -0.01204649397253406, 0.005995377511180927, 0.001797659224128667, -0.011182375118372133, 0.0035706273550363474], "noise_low": 0.8, "noise_high": 1.2}, "ppo_88b27fc05f": {"weights": [0.0055770719383153484, -0.018999569791093324, -0.00899882726523523, -0.01107157047404709, 0.009458848566560495, 0.007067979496916451, 0.015687182708193814, -0.016522446694823355, -0.003123127212589182, -0.018808111222477185, -0.011254481007855865, 0.0002142115241344951, -0.018938561212645456, -0.01204649397253406, 0.005995377511180927, 0.001797659224128667, -0.011182375118372133, 0.0035706273550363474], "noise_low": 0.8, "noise_high": 1.2}, "ppo_931103f4f0": {"weights": [0.0055770719383153484, -0.018999569791093678, -0.008998827265235598, -0.01107157047404748, 0.009458848566560495, 0.007067979496916036, 0.015687182708193893, -0.016522446694823355, 0.005405988763422861, -0.014441891403753489, 0.015316878349182243, 0.08812098412481685, 0.06908847421063102, -0.1000735293958106, 0.005189220471878648, 0.03876017995700567, -0.004468767688361094, 0.08010971759039148], "noise_low": 0.8, "noise_high": 1.2}, "ppo_b24c551f13": {"weights": [0.0055770719383153484, -0.018999569791093338, -0.008998827265235241, -0.011071570474047101, 0.009458848566560495, 0.00706797949691644, 0.015687182708193807, -0.016522446694823355, -0.008543191031532517, -0.015108283941310686, -0.011254481007855865, -0.005076686155062448, -0.018938561212645456, -0.01204649397253407, 0.005995377511180927, 0.0017976592241286673, -0.007482547837205635, 0.0001315438635583338], "noise_low": 0.8, "noise_high": 1.3}, "ppo_74500a6671": {"weights": [0.0055770719383153484, -0.018999569791093338, -0.008998827265235241, -0.011071570474047101, 0.009458848566560495, 0.00706797949691644, 0.015687182708193807, -0.016522446694823355, -0.008543191031532517, -0.015108283941310686, -0.011254481007855865, -0.005076686155062448, -0.018938561212645456, -0.01204649397253407, 0.005995377511180927, 0.0017976592241286673, -0.007482547837205635, 0.0001315438635583338], "noise_low": 0.8, "noise_high": 1.3}}